runs,constructive_mean,search_mean,search_best,improved_runs
6,-14.755427905427903,-14.50052968474021,-14.424431124431123,6
