runs,constructive_mean,search_mean,search_best,improved_runs
6,-14.755427905427903,-14.438531838531837,-14.424431124431123,6
